ID,First_Name,Last_Name,Role,Email
cert_001,Alice,Smith,Speaker,alice@example.com
cert_002,Bob,Jones,Participant,bob@example.com
cert_003,Charlie,Brown,Participant,charlie@example.com
cert_004,Diana,Prince,Organizer,diana@example.com
cert_005,Evan,Wright,Volunteer,evan@example.com
cert_006,Fiona,Gallagher,Participant,fiona@example.com
cert_007,George,Clark,Participant,george@example.com
cert_008,Hannah,Abbott,Speaker,hannah@example.com
cert_009,Ian,Malcolm,Participant,ian@example.com
cert_010,Julia,Roberts,Organizer,julia@example.com
cert_011,Kevin,Mitnick,Participant,kevin@example.com
cert_012,Laura,Dern,Speaker,laura@example.com
cert_013,Michael,Scott,Participant,michael@example.com
cert_014,Nina,Simone,Volunteer,nina@example.com
cert_015,Oscar,Isaac,Participant,oscar@example.com
cert_016,Paula,Abdul,Participant,paula@example.com
cert_017,Quentin,Tarantino,Organizer,quentin@example.com
cert_018,Rachel,Green,Participant,rachel@example.com
cert_019,Steve,Jobs,Speaker,steve@example.com
cert_020,Tina,Fey,Participant,tina@example.com
